<?xml version="1.0" encoding="UTF-8"?>
<root>
  <item name="androidx.browser.customtabs.CustomTabsCallback void onActivityLayout(int, int, int, int, int, android.os.Bundle) 4">
    <annotation name="androidx.annotation.IntDef">
      <val name="value" val="{androidx.browser.customtabs.CustomTabsCallback.ACTIVITY_LAYOUT_STATE_UNKNOWN, androidx.browser.customtabs.CustomTabsCallback.ACTIVITY_LAYOUT_STATE_BOTTOM_SHEET, androidx.browser.customtabs.CustomTabsCallback.ACTIVITY_LAYOUT_STATE_BOTTOM_SHEET_MAXIMIZED, androidx.browser.customtabs.CustomTabsCallback.ACTIVITY_LAYOUT_STATE_SIDE_SHEET, androidx.browser.customtabs.CustomTabsCallback.ACTIVITY_LAYOUT_STATE_SIDE_SHEET_MAXIMIZED, androidx.browser.customtabs.CustomTabsCallback.ACTIVITY_LAYOUT_STATE_FULL_SCREEN}" />
    </annotation>
  </item>
  <item name="androidx.browser.customtabs.CustomTabsCallback void onRelationshipValidationResult(int, android.net.Uri, boolean, android.os.Bundle) 0">
    <annotation name="androidx.annotation.IntDef">
      <val name="value" val="{androidx.browser.customtabs.CustomTabsService.RELATION_USE_AS_ORIGIN, androidx.browser.customtabs.CustomTabsService.RELATION_HANDLE_ALL_URLS}" />
    </annotation>
  </item>
  <item name="androidx.browser.customtabs.CustomTabsCallback.ActivityLayoutState">
    <annotation name="androidx.annotation.IntDef">
      <val name="value" val="{androidx.browser.customtabs.CustomTabsCallback.ACTIVITY_LAYOUT_STATE_UNKNOWN, androidx.browser.customtabs.CustomTabsCallback.ACTIVITY_LAYOUT_STATE_BOTTOM_SHEET, androidx.browser.customtabs.CustomTabsCallback.ACTIVITY_LAYOUT_STATE_BOTTOM_SHEET_MAXIMIZED, androidx.browser.customtabs.CustomTabsCallback.ACTIVITY_LAYOUT_STATE_SIDE_SHEET, androidx.browser.customtabs.CustomTabsCallback.ACTIVITY_LAYOUT_STATE_SIDE_SHEET_MAXIMIZED, androidx.browser.customtabs.CustomTabsCallback.ACTIVITY_LAYOUT_STATE_FULL_SCREEN}" />
    </annotation>
  </item>
  <item name="androidx.browser.customtabs.CustomTabsFeatures.CustomTabsFeature">
    <annotation name="androidx.annotation.StringDef">
      <val name="value" val="{androidx.browser.customtabs.CustomTabsFeatures.ENGAGEMENT_SIGNALS}" />
    </annotation>
  </item>
  <item name="androidx.browser.customtabs.CustomTabsIntent androidx.browser.customtabs.CustomTabColorSchemeParams getColorSchemeParams(android.content.Intent, int) 1">
    <annotation name="androidx.annotation.IntDef">
      <val name="value" val="{androidx.browser.customtabs.CustomTabsIntent.COLOR_SCHEME_SYSTEM, androidx.browser.customtabs.CustomTabsIntent.COLOR_SCHEME_LIGHT, androidx.browser.customtabs.CustomTabsIntent.COLOR_SCHEME_DARK}" />
    </annotation>
  </item>
  <item name="androidx.browser.customtabs.CustomTabsIntent int getActivityResizeBehavior(android.content.Intent)">
    <annotation name="androidx.annotation.IntDef">
      <val name="value" val="{androidx.browser.customtabs.CustomTabsIntent.ACTIVITY_HEIGHT_DEFAULT, androidx.browser.customtabs.CustomTabsIntent.ACTIVITY_HEIGHT_ADJUSTABLE, androidx.browser.customtabs.CustomTabsIntent.ACTIVITY_HEIGHT_FIXED}" />
    </annotation>
  </item>
  <item name="androidx.browser.customtabs.CustomTabsIntent int getActivitySideSheetDecorationType(android.content.Intent)">
    <annotation name="androidx.annotation.IntDef">
      <val name="value" val="{androidx.browser.customtabs.CustomTabsIntent.ACTIVITY_SIDE_SHEET_DECORATION_TYPE_DEFAULT, androidx.browser.customtabs.CustomTabsIntent.ACTIVITY_SIDE_SHEET_DECORATION_TYPE_NONE, androidx.browser.customtabs.CustomTabsIntent.ACTIVITY_SIDE_SHEET_DECORATION_TYPE_SHADOW, androidx.browser.customtabs.CustomTabsIntent.ACTIVITY_SIDE_SHEET_DECORATION_TYPE_DIVIDER}" />
    </annotation>
  </item>
  <item name="androidx.browser.customtabs.CustomTabsIntent int getActivitySideSheetPosition(android.content.Intent)">
    <annotation name="androidx.annotation.IntDef">
      <val name="value" val="{androidx.browser.customtabs.CustomTabsIntent.ACTIVITY_SIDE_SHEET_POSITION_DEFAULT, androidx.browser.customtabs.CustomTabsIntent.ACTIVITY_SIDE_SHEET_POSITION_START, androidx.browser.customtabs.CustomTabsIntent.ACTIVITY_SIDE_SHEET_POSITION_END}" />
    </annotation>
  </item>
  <item name="androidx.browser.customtabs.CustomTabsIntent int getActivitySideSheetRoundedCornersPosition(android.content.Intent)">
    <annotation name="androidx.annotation.IntDef">
      <val name="value" val="{androidx.browser.customtabs.CustomTabsIntent.ACTIVITY_SIDE_SHEET_ROUNDED_CORNERS_POSITION_DEFAULT, androidx.browser.customtabs.CustomTabsIntent.ACTIVITY_SIDE_SHEET_ROUNDED_CORNERS_POSITION_NONE, androidx.browser.customtabs.CustomTabsIntent.ACTIVITY_SIDE_SHEET_ROUNDED_CORNERS_POSITION_TOP}" />
    </annotation>
  </item>
  <item name="androidx.browser.customtabs.CustomTabsIntent int getCloseButtonPosition(android.content.Intent)">
    <annotation name="androidx.annotation.IntDef">
      <val name="value" val="{androidx.browser.customtabs.CustomTabsIntent.CLOSE_BUTTON_POSITION_DEFAULT, androidx.browser.customtabs.CustomTabsIntent.CLOSE_BUTTON_POSITION_START, androidx.browser.customtabs.CustomTabsIntent.CLOSE_BUTTON_POSITION_END}" />
    </annotation>
  </item>
  <item name="androidx.browser.customtabs.CustomTabsIntent.ActivityHeightResizeBehavior">
    <annotation name="androidx.annotation.IntDef">
      <val name="value" val="{androidx.browser.customtabs.CustomTabsIntent.ACTIVITY_HEIGHT_DEFAULT, androidx.browser.customtabs.CustomTabsIntent.ACTIVITY_HEIGHT_ADJUSTABLE, androidx.browser.customtabs.CustomTabsIntent.ACTIVITY_HEIGHT_FIXED}" />
    </annotation>
  </item>
  <item name="androidx.browser.customtabs.CustomTabsIntent.ActivitySideSheetDecorationType">
    <annotation name="androidx.annotation.IntDef">
      <val name="value" val="{androidx.browser.customtabs.CustomTabsIntent.ACTIVITY_SIDE_SHEET_DECORATION_TYPE_DEFAULT, androidx.browser.customtabs.CustomTabsIntent.ACTIVITY_SIDE_SHEET_DECORATION_TYPE_NONE, androidx.browser.customtabs.CustomTabsIntent.ACTIVITY_SIDE_SHEET_DECORATION_TYPE_SHADOW, androidx.browser.customtabs.CustomTabsIntent.ACTIVITY_SIDE_SHEET_DECORATION_TYPE_DIVIDER}" />
    </annotation>
  </item>
  <item name="androidx.browser.customtabs.CustomTabsIntent.ActivitySideSheetPosition">
    <annotation name="androidx.annotation.IntDef">
      <val name="value" val="{androidx.browser.customtabs.CustomTabsIntent.ACTIVITY_SIDE_SHEET_POSITION_DEFAULT, androidx.browser.customtabs.CustomTabsIntent.ACTIVITY_SIDE_SHEET_POSITION_START, androidx.browser.customtabs.CustomTabsIntent.ACTIVITY_SIDE_SHEET_POSITION_END}" />
    </annotation>
  </item>
  <item name="androidx.browser.customtabs.CustomTabsIntent.ActivitySideSheetRoundedCornersPosition">
    <annotation name="androidx.annotation.IntDef">
      <val name="value" val="{androidx.browser.customtabs.CustomTabsIntent.ACTIVITY_SIDE_SHEET_ROUNDED_CORNERS_POSITION_DEFAULT, androidx.browser.customtabs.CustomTabsIntent.ACTIVITY_SIDE_SHEET_ROUNDED_CORNERS_POSITION_NONE, androidx.browser.customtabs.CustomTabsIntent.ACTIVITY_SIDE_SHEET_ROUNDED_CORNERS_POSITION_TOP}" />
    </annotation>
  </item>
  <item name="androidx.browser.customtabs.CustomTabsIntent.Builder androidx.browser.customtabs.CustomTabsIntent.Builder setActivitySideSheetDecorationType(int) 0">
    <annotation name="androidx.annotation.IntDef">
      <val name="value" val="{androidx.browser.customtabs.CustomTabsIntent.ACTIVITY_SIDE_SHEET_DECORATION_TYPE_DEFAULT, androidx.browser.customtabs.CustomTabsIntent.ACTIVITY_SIDE_SHEET_DECORATION_TYPE_NONE, androidx.browser.customtabs.CustomTabsIntent.ACTIVITY_SIDE_SHEET_DECORATION_TYPE_SHADOW, androidx.browser.customtabs.CustomTabsIntent.ACTIVITY_SIDE_SHEET_DECORATION_TYPE_DIVIDER}" />
    </annotation>
  </item>
  <item name="androidx.browser.customtabs.CustomTabsIntent.Builder androidx.browser.customtabs.CustomTabsIntent.Builder setActivitySideSheetPosition(int) 0">
    <annotation name="androidx.annotation.IntDef">
      <val name="value" val="{androidx.browser.customtabs.CustomTabsIntent.ACTIVITY_SIDE_SHEET_POSITION_DEFAULT, androidx.browser.customtabs.CustomTabsIntent.ACTIVITY_SIDE_SHEET_POSITION_START, androidx.browser.customtabs.CustomTabsIntent.ACTIVITY_SIDE_SHEET_POSITION_END}" />
    </annotation>
  </item>
  <item name="androidx.browser.customtabs.CustomTabsIntent.Builder androidx.browser.customtabs.CustomTabsIntent.Builder setActivitySideSheetRoundedCornersPosition(int) 0">
    <annotation name="androidx.annotation.IntDef">
      <val name="value" val="{androidx.browser.customtabs.CustomTabsIntent.ACTIVITY_SIDE_SHEET_DECORATION_TYPE_DEFAULT, androidx.browser.customtabs.CustomTabsIntent.ACTIVITY_SIDE_SHEET_DECORATION_TYPE_NONE, androidx.browser.customtabs.CustomTabsIntent.ACTIVITY_SIDE_SHEET_DECORATION_TYPE_SHADOW, androidx.browser.customtabs.CustomTabsIntent.ACTIVITY_SIDE_SHEET_DECORATION_TYPE_DIVIDER}" />
    </annotation>
  </item>
  <item name="androidx.browser.customtabs.CustomTabsIntent.Builder androidx.browser.customtabs.CustomTabsIntent.Builder setCloseButtonPosition(int) 0">
    <annotation name="androidx.annotation.IntDef">
      <val name="value" val="{androidx.browser.customtabs.CustomTabsIntent.CLOSE_BUTTON_POSITION_DEFAULT, androidx.browser.customtabs.CustomTabsIntent.CLOSE_BUTTON_POSITION_START, androidx.browser.customtabs.CustomTabsIntent.CLOSE_BUTTON_POSITION_END}" />
    </annotation>
  </item>
  <item name="androidx.browser.customtabs.CustomTabsIntent.Builder androidx.browser.customtabs.CustomTabsIntent.Builder setColorScheme(int) 0">
    <annotation name="androidx.annotation.IntDef">
      <val name="value" val="{androidx.browser.customtabs.CustomTabsIntent.COLOR_SCHEME_SYSTEM, androidx.browser.customtabs.CustomTabsIntent.COLOR_SCHEME_LIGHT, androidx.browser.customtabs.CustomTabsIntent.COLOR_SCHEME_DARK}" />
    </annotation>
  </item>
  <item name="androidx.browser.customtabs.CustomTabsIntent.Builder androidx.browser.customtabs.CustomTabsIntent.Builder setColorSchemeParams(int, androidx.browser.customtabs.CustomTabColorSchemeParams) 0">
    <annotation name="androidx.annotation.IntDef">
      <val name="value" val="{androidx.browser.customtabs.CustomTabsIntent.COLOR_SCHEME_SYSTEM, androidx.browser.customtabs.CustomTabsIntent.COLOR_SCHEME_LIGHT, androidx.browser.customtabs.CustomTabsIntent.COLOR_SCHEME_DARK}" />
    </annotation>
  </item>
  <item name="androidx.browser.customtabs.CustomTabsIntent.Builder androidx.browser.customtabs.CustomTabsIntent.Builder setInitialActivityHeightPx(int, int) 1">
    <annotation name="androidx.annotation.IntDef">
      <val name="value" val="{androidx.browser.customtabs.CustomTabsIntent.ACTIVITY_HEIGHT_DEFAULT, androidx.browser.customtabs.CustomTabsIntent.ACTIVITY_HEIGHT_ADJUSTABLE, androidx.browser.customtabs.CustomTabsIntent.ACTIVITY_HEIGHT_FIXED}" />
    </annotation>
  </item>
  <item name="androidx.browser.customtabs.CustomTabsIntent.Builder androidx.browser.customtabs.CustomTabsIntent.Builder setShareState(int) 0">
    <annotation name="androidx.annotation.IntDef">
      <val name="value" val="{androidx.browser.customtabs.CustomTabsIntent.SHARE_STATE_DEFAULT, androidx.browser.customtabs.CustomTabsIntent.SHARE_STATE_ON, androidx.browser.customtabs.CustomTabsIntent.SHARE_STATE_OFF}" />
    </annotation>
  </item>
  <item name="androidx.browser.customtabs.CustomTabsIntent.Builder mShareState">
    <annotation name="androidx.annotation.IntDef">
      <val name="value" val="{androidx.browser.customtabs.CustomTabsIntent.SHARE_STATE_DEFAULT, androidx.browser.customtabs.CustomTabsIntent.SHARE_STATE_ON, androidx.browser.customtabs.CustomTabsIntent.SHARE_STATE_OFF}" />
    </annotation>
  </item>
  <item name="androidx.browser.customtabs.CustomTabsIntent.CloseButtonPosition">
    <annotation name="androidx.annotation.IntDef">
      <val name="value" val="{androidx.browser.customtabs.CustomTabsIntent.CLOSE_BUTTON_POSITION_DEFAULT, androidx.browser.customtabs.CustomTabsIntent.CLOSE_BUTTON_POSITION_START, androidx.browser.customtabs.CustomTabsIntent.CLOSE_BUTTON_POSITION_END}" />
    </annotation>
  </item>
  <item name="androidx.browser.customtabs.CustomTabsIntent.ColorScheme">
    <annotation name="androidx.annotation.IntDef">
      <val name="value" val="{androidx.browser.customtabs.CustomTabsIntent.COLOR_SCHEME_SYSTEM, androidx.browser.customtabs.CustomTabsIntent.COLOR_SCHEME_LIGHT, androidx.browser.customtabs.CustomTabsIntent.COLOR_SCHEME_DARK}" />
    </annotation>
  </item>
  <item name="androidx.browser.customtabs.CustomTabsIntent.ShareState">
    <annotation name="androidx.annotation.IntDef">
      <val name="value" val="{androidx.browser.customtabs.CustomTabsIntent.SHARE_STATE_DEFAULT, androidx.browser.customtabs.CustomTabsIntent.SHARE_STATE_ON, androidx.browser.customtabs.CustomTabsIntent.SHARE_STATE_OFF}" />
    </annotation>
  </item>
  <item name="androidx.browser.customtabs.CustomTabsService boolean receiveFile(androidx.browser.customtabs.CustomTabsSessionToken, android.net.Uri, int, android.os.Bundle) 2">
    <annotation name="androidx.annotation.IntDef">
      <val name="value" val="{androidx.browser.customtabs.CustomTabsService.FILE_PURPOSE_TRUSTED_WEB_ACTIVITY_SPLASH_IMAGE}" />
    </annotation>
  </item>
  <item name="androidx.browser.customtabs.CustomTabsService boolean validateRelationship(androidx.browser.customtabs.CustomTabsSessionToken, int, android.net.Uri, android.os.Bundle) 1">
    <annotation name="androidx.annotation.IntDef">
      <val name="value" val="{androidx.browser.customtabs.CustomTabsService.RELATION_USE_AS_ORIGIN, androidx.browser.customtabs.CustomTabsService.RELATION_HANDLE_ALL_URLS}" />
    </annotation>
  </item>
  <item name="androidx.browser.customtabs.CustomTabsService int postMessage(androidx.browser.customtabs.CustomTabsSessionToken, java.lang.String, android.os.Bundle)">
    <annotation name="androidx.annotation.IntDef">
      <val name="value" val="{androidx.browser.customtabs.CustomTabsService.RESULT_SUCCESS, androidx.browser.customtabs.CustomTabsService.RESULT_FAILURE_DISALLOWED, androidx.browser.customtabs.CustomTabsService.RESULT_FAILURE_REMOTE_ERROR, androidx.browser.customtabs.CustomTabsService.RESULT_FAILURE_MESSAGING_ERROR}" />
    </annotation>
  </item>
  <item name="androidx.browser.customtabs.CustomTabsService.FilePurpose">
    <annotation name="androidx.annotation.IntDef">
      <val name="value" val="{androidx.browser.customtabs.CustomTabsService.FILE_PURPOSE_TRUSTED_WEB_ACTIVITY_SPLASH_IMAGE}" />
    </annotation>
  </item>
  <item name="androidx.browser.customtabs.CustomTabsService.Relation">
    <annotation name="androidx.annotation.IntDef">
      <val name="value" val="{androidx.browser.customtabs.CustomTabsService.RELATION_USE_AS_ORIGIN, androidx.browser.customtabs.CustomTabsService.RELATION_HANDLE_ALL_URLS}" />
    </annotation>
  </item>
  <item name="androidx.browser.customtabs.CustomTabsService.Result">
    <annotation name="androidx.annotation.IntDef">
      <val name="value" val="{androidx.browser.customtabs.CustomTabsService.RESULT_SUCCESS, androidx.browser.customtabs.CustomTabsService.RESULT_FAILURE_DISALLOWED, androidx.browser.customtabs.CustomTabsService.RESULT_FAILURE_REMOTE_ERROR, androidx.browser.customtabs.CustomTabsService.RESULT_FAILURE_MESSAGING_ERROR}" />
    </annotation>
  </item>
  <item name="androidx.browser.customtabs.CustomTabsSession boolean receiveFile(android.net.Uri, int, android.os.Bundle) 1">
    <annotation name="androidx.annotation.IntDef">
      <val name="value" val="{androidx.browser.customtabs.CustomTabsService.FILE_PURPOSE_TRUSTED_WEB_ACTIVITY_SPLASH_IMAGE}" />
    </annotation>
  </item>
  <item name="androidx.browser.customtabs.CustomTabsSession boolean setEngagementSignalsCallback(androidx.browser.customtabs.EngagementSignalsCallback, android.os.Bundle)">
    <annotation name="androidx.annotation.RequiresFeature">
      <val name="name" val="&quot;ENGAGEMENT_SIGNALS&quot;" />
      <val name="enforcement" val="&quot;androidx.browser.customtabs.CustomTabsSession#isEngagementSignalsApiAvailable&quot;" />
    </annotation>
  </item>
  <item name="androidx.browser.customtabs.CustomTabsSession boolean setEngagementSignalsCallback(java.util.concurrent.Executor, androidx.browser.customtabs.EngagementSignalsCallback, android.os.Bundle)">
    <annotation name="androidx.annotation.RequiresFeature">
      <val name="name" val="&quot;ENGAGEMENT_SIGNALS&quot;" />
      <val name="enforcement" val="&quot;androidx.browser.customtabs.CustomTabsSession#isEngagementSignalsApiAvailable&quot;" />
    </annotation>
  </item>
  <item name="androidx.browser.customtabs.CustomTabsSession boolean validateRelationship(int, android.net.Uri, android.os.Bundle) 0">
    <annotation name="androidx.annotation.IntDef">
      <val name="value" val="{androidx.browser.customtabs.CustomTabsService.RELATION_USE_AS_ORIGIN, androidx.browser.customtabs.CustomTabsService.RELATION_HANDLE_ALL_URLS}" />
    </annotation>
  </item>
  <item name="androidx.browser.customtabs.CustomTabsSession int postMessage(java.lang.String, android.os.Bundle)">
    <annotation name="androidx.annotation.IntDef">
      <val name="value" val="{androidx.browser.customtabs.CustomTabsService.RESULT_SUCCESS, androidx.browser.customtabs.CustomTabsService.RESULT_FAILURE_DISALLOWED, androidx.browser.customtabs.CustomTabsService.RESULT_FAILURE_REMOTE_ERROR, androidx.browser.customtabs.CustomTabsService.RESULT_FAILURE_MESSAGING_ERROR}" />
    </annotation>
  </item>
  <item name="androidx.browser.customtabs.CustomTabsSessionToken.MockCallback void onActivityLayout(int, int, int, int, int, android.os.Bundle) 4">
    <annotation name="androidx.annotation.IntDef">
      <val name="value" val="{androidx.browser.customtabs.CustomTabsCallback.ACTIVITY_LAYOUT_STATE_UNKNOWN, androidx.browser.customtabs.CustomTabsCallback.ACTIVITY_LAYOUT_STATE_BOTTOM_SHEET, androidx.browser.customtabs.CustomTabsCallback.ACTIVITY_LAYOUT_STATE_BOTTOM_SHEET_MAXIMIZED, androidx.browser.customtabs.CustomTabsCallback.ACTIVITY_LAYOUT_STATE_SIDE_SHEET, androidx.browser.customtabs.CustomTabsCallback.ACTIVITY_LAYOUT_STATE_SIDE_SHEET_MAXIMIZED, androidx.browser.customtabs.CustomTabsCallback.ACTIVITY_LAYOUT_STATE_FULL_SCREEN}" />
    </annotation>
  </item>
  <item name="androidx.browser.customtabs.CustomTabsSessionToken.MockCallback void onRelationshipValidationResult(int, android.net.Uri, boolean, android.os.Bundle) 0">
    <annotation name="androidx.annotation.IntDef">
      <val name="value" val="{androidx.browser.customtabs.CustomTabsService.RELATION_USE_AS_ORIGIN, androidx.browser.customtabs.CustomTabsService.RELATION_HANDLE_ALL_URLS}" />
    </annotation>
  </item>
</root>

