<?xml version="1.0" encoding="UTF-8"?>
<root>
  <item name="androidx.autofill.inline.UiVersions.InlineUiVersion">
    <annotation name="androidx.annotation.StringDef">
      <val name="value" val="{androidx.autofill.inline.UiVersions.INLINE_UI_VERSION_1}" />
    </annotation>
  </item>
  <item name="androidx.autofill.inline.UiVersions.Style java.lang.String getVersion()">
    <annotation name="androidx.annotation.StringDef">
      <val name="value" val="{androidx.autofill.inline.UiVersions.INLINE_UI_VERSION_1}" />
    </annotation>
  </item>
  <item name="androidx.autofill.inline.VersionUtils android.os.Bundle readStyleByVersion(android.os.Bundle, java.lang.String) 1">
    <annotation name="androidx.annotation.StringDef">
      <val name="value" val="{androidx.autofill.inline.UiVersions.INLINE_UI_VERSION_1}" />
    </annotation>
  </item>
</root>

