<?xml version="1.0" encoding="UTF-8"?>
<root>
  <item name="androidx.profileinstaller.DeviceProfileWriter void result(int, java.lang.Object) 0">
    <annotation name="androidx.annotation.IntDef">
      <val name="value" val="{androidx.profileinstaller.ProfileInstaller.RESULT_INSTALL_SUCCESS, androidx.profileinstaller.ProfileInstaller.RESULT_ALREADY_INSTALLED, androidx.profileinstaller.ProfileInstaller.RESULT_UNSUPPORTED_ART_VERSION, androidx.profileinstaller.ProfileInstaller.RESULT_NOT_WRITABLE, androidx.profileinstaller.ProfileInstaller.RESULT_DESIRED_FORMAT_UNSUPPORTED, androidx.profileinstaller.ProfileInstaller.RESULT_BASELINE_PROFILE_NOT_FOUND, androidx.profileinstaller.ProfileInstaller.RESULT_IO_EXCEPTION, androidx.profileinstaller.ProfileInstaller.RESULT_PARSE_EXCEPTION, androidx.profileinstaller.ProfileInstaller.RESULT_META_FILE_REQUIRED_BUT_NOT_FOUND, androidx.profileinstaller.ProfileInstaller.RESULT_INSTALL_SKIP_FILE_SUCCESS, androidx.profileinstaller.ProfileInstaller.RESULT_DELETE_SKIP_FILE_SUCCESS, androidx.profileinstaller.ProfileInstaller.RESULT_SAVE_PROFILE_SIGNALLED, androidx.profileinstaller.ProfileInstaller.RESULT_SAVE_PROFILE_SKIPPED, androidx.profileinstaller.ProfileInstaller.RESULT_BENCHMARK_OPERATION_SUCCESS, androidx.profileinstaller.ProfileInstaller.RESULT_BENCHMARK_OPERATION_FAILURE, androidx.profileinstaller.ProfileInstaller.RESULT_BENCHMARK_OPERATION_UNKNOWN}" />
    </annotation>
  </item>
  <item name="androidx.profileinstaller.ProfileInstaller DIAGNOSTIC_CURRENT_PROFILE_DOES_NOT_EXIST">
    <annotation name="androidx.annotation.IntDef">
      <val name="value" val="{androidx.profileinstaller.ProfileInstaller.DIAGNOSTIC_CURRENT_PROFILE_EXISTS, androidx.profileinstaller.ProfileInstaller.DIAGNOSTIC_CURRENT_PROFILE_DOES_NOT_EXIST, androidx.profileinstaller.ProfileInstaller.DIAGNOSTIC_REF_PROFILE_EXISTS, androidx.profileinstaller.ProfileInstaller.DIAGNOSTIC_REF_PROFILE_DOES_NOT_EXIST, androidx.profileinstaller.ProfileInstaller.DIAGNOSTIC_PROFILE_IS_COMPRESSED}" />
    </annotation>
  </item>
  <item name="androidx.profileinstaller.ProfileInstaller DIAGNOSTIC_CURRENT_PROFILE_EXISTS">
    <annotation name="androidx.annotation.IntDef">
      <val name="value" val="{androidx.profileinstaller.ProfileInstaller.DIAGNOSTIC_CURRENT_PROFILE_EXISTS, androidx.profileinstaller.ProfileInstaller.DIAGNOSTIC_CURRENT_PROFILE_DOES_NOT_EXIST, androidx.profileinstaller.ProfileInstaller.DIAGNOSTIC_REF_PROFILE_EXISTS, androidx.profileinstaller.ProfileInstaller.DIAGNOSTIC_REF_PROFILE_DOES_NOT_EXIST, androidx.profileinstaller.ProfileInstaller.DIAGNOSTIC_PROFILE_IS_COMPRESSED}" />
    </annotation>
  </item>
  <item name="androidx.profileinstaller.ProfileInstaller DIAGNOSTIC_PROFILE_IS_COMPRESSED">
    <annotation name="androidx.annotation.IntDef">
      <val name="value" val="{androidx.profileinstaller.ProfileInstaller.DIAGNOSTIC_CURRENT_PROFILE_EXISTS, androidx.profileinstaller.ProfileInstaller.DIAGNOSTIC_CURRENT_PROFILE_DOES_NOT_EXIST, androidx.profileinstaller.ProfileInstaller.DIAGNOSTIC_REF_PROFILE_EXISTS, androidx.profileinstaller.ProfileInstaller.DIAGNOSTIC_REF_PROFILE_DOES_NOT_EXIST, androidx.profileinstaller.ProfileInstaller.DIAGNOSTIC_PROFILE_IS_COMPRESSED}" />
    </annotation>
  </item>
  <item name="androidx.profileinstaller.ProfileInstaller DIAGNOSTIC_REF_PROFILE_DOES_NOT_EXIST">
    <annotation name="androidx.annotation.IntDef">
      <val name="value" val="{androidx.profileinstaller.ProfileInstaller.DIAGNOSTIC_CURRENT_PROFILE_EXISTS, androidx.profileinstaller.ProfileInstaller.DIAGNOSTIC_CURRENT_PROFILE_DOES_NOT_EXIST, androidx.profileinstaller.ProfileInstaller.DIAGNOSTIC_REF_PROFILE_EXISTS, androidx.profileinstaller.ProfileInstaller.DIAGNOSTIC_REF_PROFILE_DOES_NOT_EXIST, androidx.profileinstaller.ProfileInstaller.DIAGNOSTIC_PROFILE_IS_COMPRESSED}" />
    </annotation>
  </item>
  <item name="androidx.profileinstaller.ProfileInstaller DIAGNOSTIC_REF_PROFILE_EXISTS">
    <annotation name="androidx.annotation.IntDef">
      <val name="value" val="{androidx.profileinstaller.ProfileInstaller.DIAGNOSTIC_CURRENT_PROFILE_EXISTS, androidx.profileinstaller.ProfileInstaller.DIAGNOSTIC_CURRENT_PROFILE_DOES_NOT_EXIST, androidx.profileinstaller.ProfileInstaller.DIAGNOSTIC_REF_PROFILE_EXISTS, androidx.profileinstaller.ProfileInstaller.DIAGNOSTIC_REF_PROFILE_DOES_NOT_EXIST, androidx.profileinstaller.ProfileInstaller.DIAGNOSTIC_PROFILE_IS_COMPRESSED}" />
    </annotation>
  </item>
  <item name="androidx.profileinstaller.ProfileInstaller RESULT_ALREADY_INSTALLED">
    <annotation name="androidx.annotation.IntDef">
      <val name="value" val="{androidx.profileinstaller.ProfileInstaller.RESULT_INSTALL_SUCCESS, androidx.profileinstaller.ProfileInstaller.RESULT_ALREADY_INSTALLED, androidx.profileinstaller.ProfileInstaller.RESULT_UNSUPPORTED_ART_VERSION, androidx.profileinstaller.ProfileInstaller.RESULT_NOT_WRITABLE, androidx.profileinstaller.ProfileInstaller.RESULT_DESIRED_FORMAT_UNSUPPORTED, androidx.profileinstaller.ProfileInstaller.RESULT_BASELINE_PROFILE_NOT_FOUND, androidx.profileinstaller.ProfileInstaller.RESULT_IO_EXCEPTION, androidx.profileinstaller.ProfileInstaller.RESULT_PARSE_EXCEPTION, androidx.profileinstaller.ProfileInstaller.RESULT_META_FILE_REQUIRED_BUT_NOT_FOUND, androidx.profileinstaller.ProfileInstaller.RESULT_INSTALL_SKIP_FILE_SUCCESS, androidx.profileinstaller.ProfileInstaller.RESULT_DELETE_SKIP_FILE_SUCCESS, androidx.profileinstaller.ProfileInstaller.RESULT_SAVE_PROFILE_SIGNALLED, androidx.profileinstaller.ProfileInstaller.RESULT_SAVE_PROFILE_SKIPPED, androidx.profileinstaller.ProfileInstaller.RESULT_BENCHMARK_OPERATION_SUCCESS, androidx.profileinstaller.ProfileInstaller.RESULT_BENCHMARK_OPERATION_FAILURE, androidx.profileinstaller.ProfileInstaller.RESULT_BENCHMARK_OPERATION_UNKNOWN}" />
    </annotation>
  </item>
  <item name="androidx.profileinstaller.ProfileInstaller RESULT_BASELINE_PROFILE_NOT_FOUND">
    <annotation name="androidx.annotation.IntDef">
      <val name="value" val="{androidx.profileinstaller.ProfileInstaller.RESULT_INSTALL_SUCCESS, androidx.profileinstaller.ProfileInstaller.RESULT_ALREADY_INSTALLED, androidx.profileinstaller.ProfileInstaller.RESULT_UNSUPPORTED_ART_VERSION, androidx.profileinstaller.ProfileInstaller.RESULT_NOT_WRITABLE, androidx.profileinstaller.ProfileInstaller.RESULT_DESIRED_FORMAT_UNSUPPORTED, androidx.profileinstaller.ProfileInstaller.RESULT_BASELINE_PROFILE_NOT_FOUND, androidx.profileinstaller.ProfileInstaller.RESULT_IO_EXCEPTION, androidx.profileinstaller.ProfileInstaller.RESULT_PARSE_EXCEPTION, androidx.profileinstaller.ProfileInstaller.RESULT_META_FILE_REQUIRED_BUT_NOT_FOUND, androidx.profileinstaller.ProfileInstaller.RESULT_INSTALL_SKIP_FILE_SUCCESS, androidx.profileinstaller.ProfileInstaller.RESULT_DELETE_SKIP_FILE_SUCCESS, androidx.profileinstaller.ProfileInstaller.RESULT_SAVE_PROFILE_SIGNALLED, androidx.profileinstaller.ProfileInstaller.RESULT_SAVE_PROFILE_SKIPPED, androidx.profileinstaller.ProfileInstaller.RESULT_BENCHMARK_OPERATION_SUCCESS, androidx.profileinstaller.ProfileInstaller.RESULT_BENCHMARK_OPERATION_FAILURE, androidx.profileinstaller.ProfileInstaller.RESULT_BENCHMARK_OPERATION_UNKNOWN}" />
    </annotation>
  </item>
  <item name="androidx.profileinstaller.ProfileInstaller RESULT_BENCHMARK_OPERATION_FAILURE">
    <annotation name="androidx.annotation.IntDef">
      <val name="value" val="{androidx.profileinstaller.ProfileInstaller.RESULT_INSTALL_SUCCESS, androidx.profileinstaller.ProfileInstaller.RESULT_ALREADY_INSTALLED, androidx.profileinstaller.ProfileInstaller.RESULT_UNSUPPORTED_ART_VERSION, androidx.profileinstaller.ProfileInstaller.RESULT_NOT_WRITABLE, androidx.profileinstaller.ProfileInstaller.RESULT_DESIRED_FORMAT_UNSUPPORTED, androidx.profileinstaller.ProfileInstaller.RESULT_BASELINE_PROFILE_NOT_FOUND, androidx.profileinstaller.ProfileInstaller.RESULT_IO_EXCEPTION, androidx.profileinstaller.ProfileInstaller.RESULT_PARSE_EXCEPTION, androidx.profileinstaller.ProfileInstaller.RESULT_META_FILE_REQUIRED_BUT_NOT_FOUND, androidx.profileinstaller.ProfileInstaller.RESULT_INSTALL_SKIP_FILE_SUCCESS, androidx.profileinstaller.ProfileInstaller.RESULT_DELETE_SKIP_FILE_SUCCESS, androidx.profileinstaller.ProfileInstaller.RESULT_SAVE_PROFILE_SIGNALLED, androidx.profileinstaller.ProfileInstaller.RESULT_SAVE_PROFILE_SKIPPED, androidx.profileinstaller.ProfileInstaller.RESULT_BENCHMARK_OPERATION_SUCCESS, androidx.profileinstaller.ProfileInstaller.RESULT_BENCHMARK_OPERATION_FAILURE, androidx.profileinstaller.ProfileInstaller.RESULT_BENCHMARK_OPERATION_UNKNOWN}" />
    </annotation>
  </item>
  <item name="androidx.profileinstaller.ProfileInstaller RESULT_BENCHMARK_OPERATION_SUCCESS">
    <annotation name="androidx.annotation.IntDef">
      <val name="value" val="{androidx.profileinstaller.ProfileInstaller.RESULT_INSTALL_SUCCESS, androidx.profileinstaller.ProfileInstaller.RESULT_ALREADY_INSTALLED, androidx.profileinstaller.ProfileInstaller.RESULT_UNSUPPORTED_ART_VERSION, androidx.profileinstaller.ProfileInstaller.RESULT_NOT_WRITABLE, androidx.profileinstaller.ProfileInstaller.RESULT_DESIRED_FORMAT_UNSUPPORTED, androidx.profileinstaller.ProfileInstaller.RESULT_BASELINE_PROFILE_NOT_FOUND, androidx.profileinstaller.ProfileInstaller.RESULT_IO_EXCEPTION, androidx.profileinstaller.ProfileInstaller.RESULT_PARSE_EXCEPTION, androidx.profileinstaller.ProfileInstaller.RESULT_META_FILE_REQUIRED_BUT_NOT_FOUND, androidx.profileinstaller.ProfileInstaller.RESULT_INSTALL_SKIP_FILE_SUCCESS, androidx.profileinstaller.ProfileInstaller.RESULT_DELETE_SKIP_FILE_SUCCESS, androidx.profileinstaller.ProfileInstaller.RESULT_SAVE_PROFILE_SIGNALLED, androidx.profileinstaller.ProfileInstaller.RESULT_SAVE_PROFILE_SKIPPED, androidx.profileinstaller.ProfileInstaller.RESULT_BENCHMARK_OPERATION_SUCCESS, androidx.profileinstaller.ProfileInstaller.RESULT_BENCHMARK_OPERATION_FAILURE, androidx.profileinstaller.ProfileInstaller.RESULT_BENCHMARK_OPERATION_UNKNOWN}" />
    </annotation>
  </item>
  <item name="androidx.profileinstaller.ProfileInstaller RESULT_BENCHMARK_OPERATION_UNKNOWN">
    <annotation name="androidx.annotation.IntDef">
      <val name="value" val="{androidx.profileinstaller.ProfileInstaller.RESULT_INSTALL_SUCCESS, androidx.profileinstaller.ProfileInstaller.RESULT_ALREADY_INSTALLED, androidx.profileinstaller.ProfileInstaller.RESULT_UNSUPPORTED_ART_VERSION, androidx.profileinstaller.ProfileInstaller.RESULT_NOT_WRITABLE, androidx.profileinstaller.ProfileInstaller.RESULT_DESIRED_FORMAT_UNSUPPORTED, androidx.profileinstaller.ProfileInstaller.RESULT_BASELINE_PROFILE_NOT_FOUND, androidx.profileinstaller.ProfileInstaller.RESULT_IO_EXCEPTION, androidx.profileinstaller.ProfileInstaller.RESULT_PARSE_EXCEPTION, androidx.profileinstaller.ProfileInstaller.RESULT_META_FILE_REQUIRED_BUT_NOT_FOUND, androidx.profileinstaller.ProfileInstaller.RESULT_INSTALL_SKIP_FILE_SUCCESS, androidx.profileinstaller.ProfileInstaller.RESULT_DELETE_SKIP_FILE_SUCCESS, androidx.profileinstaller.ProfileInstaller.RESULT_SAVE_PROFILE_SIGNALLED, androidx.profileinstaller.ProfileInstaller.RESULT_SAVE_PROFILE_SKIPPED, androidx.profileinstaller.ProfileInstaller.RESULT_BENCHMARK_OPERATION_SUCCESS, androidx.profileinstaller.ProfileInstaller.RESULT_BENCHMARK_OPERATION_FAILURE, androidx.profileinstaller.ProfileInstaller.RESULT_BENCHMARK_OPERATION_UNKNOWN}" />
    </annotation>
  </item>
  <item name="androidx.profileinstaller.ProfileInstaller RESULT_DELETE_SKIP_FILE_SUCCESS">
    <annotation name="androidx.annotation.IntDef">
      <val name="value" val="{androidx.profileinstaller.ProfileInstaller.RESULT_INSTALL_SUCCESS, androidx.profileinstaller.ProfileInstaller.RESULT_ALREADY_INSTALLED, androidx.profileinstaller.ProfileInstaller.RESULT_UNSUPPORTED_ART_VERSION, androidx.profileinstaller.ProfileInstaller.RESULT_NOT_WRITABLE, androidx.profileinstaller.ProfileInstaller.RESULT_DESIRED_FORMAT_UNSUPPORTED, androidx.profileinstaller.ProfileInstaller.RESULT_BASELINE_PROFILE_NOT_FOUND, androidx.profileinstaller.ProfileInstaller.RESULT_IO_EXCEPTION, androidx.profileinstaller.ProfileInstaller.RESULT_PARSE_EXCEPTION, androidx.profileinstaller.ProfileInstaller.RESULT_META_FILE_REQUIRED_BUT_NOT_FOUND, androidx.profileinstaller.ProfileInstaller.RESULT_INSTALL_SKIP_FILE_SUCCESS, androidx.profileinstaller.ProfileInstaller.RESULT_DELETE_SKIP_FILE_SUCCESS, androidx.profileinstaller.ProfileInstaller.RESULT_SAVE_PROFILE_SIGNALLED, androidx.profileinstaller.ProfileInstaller.RESULT_SAVE_PROFILE_SKIPPED, androidx.profileinstaller.ProfileInstaller.RESULT_BENCHMARK_OPERATION_SUCCESS, androidx.profileinstaller.ProfileInstaller.RESULT_BENCHMARK_OPERATION_FAILURE, androidx.profileinstaller.ProfileInstaller.RESULT_BENCHMARK_OPERATION_UNKNOWN}" />
    </annotation>
  </item>
  <item name="androidx.profileinstaller.ProfileInstaller RESULT_DESIRED_FORMAT_UNSUPPORTED">
    <annotation name="androidx.annotation.IntDef">
      <val name="value" val="{androidx.profileinstaller.ProfileInstaller.RESULT_INSTALL_SUCCESS, androidx.profileinstaller.ProfileInstaller.RESULT_ALREADY_INSTALLED, androidx.profileinstaller.ProfileInstaller.RESULT_UNSUPPORTED_ART_VERSION, androidx.profileinstaller.ProfileInstaller.RESULT_NOT_WRITABLE, androidx.profileinstaller.ProfileInstaller.RESULT_DESIRED_FORMAT_UNSUPPORTED, androidx.profileinstaller.ProfileInstaller.RESULT_BASELINE_PROFILE_NOT_FOUND, androidx.profileinstaller.ProfileInstaller.RESULT_IO_EXCEPTION, androidx.profileinstaller.ProfileInstaller.RESULT_PARSE_EXCEPTION, androidx.profileinstaller.ProfileInstaller.RESULT_META_FILE_REQUIRED_BUT_NOT_FOUND, androidx.profileinstaller.ProfileInstaller.RESULT_INSTALL_SKIP_FILE_SUCCESS, androidx.profileinstaller.ProfileInstaller.RESULT_DELETE_SKIP_FILE_SUCCESS, androidx.profileinstaller.ProfileInstaller.RESULT_SAVE_PROFILE_SIGNALLED, androidx.profileinstaller.ProfileInstaller.RESULT_SAVE_PROFILE_SKIPPED, androidx.profileinstaller.ProfileInstaller.RESULT_BENCHMARK_OPERATION_SUCCESS, androidx.profileinstaller.ProfileInstaller.RESULT_BENCHMARK_OPERATION_FAILURE, androidx.profileinstaller.ProfileInstaller.RESULT_BENCHMARK_OPERATION_UNKNOWN}" />
    </annotation>
  </item>
  <item name="androidx.profileinstaller.ProfileInstaller RESULT_INSTALL_SKIP_FILE_SUCCESS">
    <annotation name="androidx.annotation.IntDef">
      <val name="value" val="{androidx.profileinstaller.ProfileInstaller.RESULT_INSTALL_SUCCESS, androidx.profileinstaller.ProfileInstaller.RESULT_ALREADY_INSTALLED, androidx.profileinstaller.ProfileInstaller.RESULT_UNSUPPORTED_ART_VERSION, androidx.profileinstaller.ProfileInstaller.RESULT_NOT_WRITABLE, androidx.profileinstaller.ProfileInstaller.RESULT_DESIRED_FORMAT_UNSUPPORTED, androidx.profileinstaller.ProfileInstaller.RESULT_BASELINE_PROFILE_NOT_FOUND, androidx.profileinstaller.ProfileInstaller.RESULT_IO_EXCEPTION, androidx.profileinstaller.ProfileInstaller.RESULT_PARSE_EXCEPTION, androidx.profileinstaller.ProfileInstaller.RESULT_META_FILE_REQUIRED_BUT_NOT_FOUND, androidx.profileinstaller.ProfileInstaller.RESULT_INSTALL_SKIP_FILE_SUCCESS, androidx.profileinstaller.ProfileInstaller.RESULT_DELETE_SKIP_FILE_SUCCESS, androidx.profileinstaller.ProfileInstaller.RESULT_SAVE_PROFILE_SIGNALLED, androidx.profileinstaller.ProfileInstaller.RESULT_SAVE_PROFILE_SKIPPED, androidx.profileinstaller.ProfileInstaller.RESULT_BENCHMARK_OPERATION_SUCCESS, androidx.profileinstaller.ProfileInstaller.RESULT_BENCHMARK_OPERATION_FAILURE, androidx.profileinstaller.ProfileInstaller.RESULT_BENCHMARK_OPERATION_UNKNOWN}" />
    </annotation>
  </item>
  <item name="androidx.profileinstaller.ProfileInstaller RESULT_INSTALL_SUCCESS">
    <annotation name="androidx.annotation.IntDef">
      <val name="value" val="{androidx.profileinstaller.ProfileInstaller.RESULT_INSTALL_SUCCESS, androidx.profileinstaller.ProfileInstaller.RESULT_ALREADY_INSTALLED, androidx.profileinstaller.ProfileInstaller.RESULT_UNSUPPORTED_ART_VERSION, androidx.profileinstaller.ProfileInstaller.RESULT_NOT_WRITABLE, androidx.profileinstaller.ProfileInstaller.RESULT_DESIRED_FORMAT_UNSUPPORTED, androidx.profileinstaller.ProfileInstaller.RESULT_BASELINE_PROFILE_NOT_FOUND, androidx.profileinstaller.ProfileInstaller.RESULT_IO_EXCEPTION, androidx.profileinstaller.ProfileInstaller.RESULT_PARSE_EXCEPTION, androidx.profileinstaller.ProfileInstaller.RESULT_META_FILE_REQUIRED_BUT_NOT_FOUND, androidx.profileinstaller.ProfileInstaller.RESULT_INSTALL_SKIP_FILE_SUCCESS, androidx.profileinstaller.ProfileInstaller.RESULT_DELETE_SKIP_FILE_SUCCESS, androidx.profileinstaller.ProfileInstaller.RESULT_SAVE_PROFILE_SIGNALLED, androidx.profileinstaller.ProfileInstaller.RESULT_SAVE_PROFILE_SKIPPED, androidx.profileinstaller.ProfileInstaller.RESULT_BENCHMARK_OPERATION_SUCCESS, androidx.profileinstaller.ProfileInstaller.RESULT_BENCHMARK_OPERATION_FAILURE, androidx.profileinstaller.ProfileInstaller.RESULT_BENCHMARK_OPERATION_UNKNOWN}" />
    </annotation>
  </item>
  <item name="androidx.profileinstaller.ProfileInstaller RESULT_IO_EXCEPTION">
    <annotation name="androidx.annotation.IntDef">
      <val name="value" val="{androidx.profileinstaller.ProfileInstaller.RESULT_INSTALL_SUCCESS, androidx.profileinstaller.ProfileInstaller.RESULT_ALREADY_INSTALLED, androidx.profileinstaller.ProfileInstaller.RESULT_UNSUPPORTED_ART_VERSION, androidx.profileinstaller.ProfileInstaller.RESULT_NOT_WRITABLE, androidx.profileinstaller.ProfileInstaller.RESULT_DESIRED_FORMAT_UNSUPPORTED, androidx.profileinstaller.ProfileInstaller.RESULT_BASELINE_PROFILE_NOT_FOUND, androidx.profileinstaller.ProfileInstaller.RESULT_IO_EXCEPTION, androidx.profileinstaller.ProfileInstaller.RESULT_PARSE_EXCEPTION, androidx.profileinstaller.ProfileInstaller.RESULT_META_FILE_REQUIRED_BUT_NOT_FOUND, androidx.profileinstaller.ProfileInstaller.RESULT_INSTALL_SKIP_FILE_SUCCESS, androidx.profileinstaller.ProfileInstaller.RESULT_DELETE_SKIP_FILE_SUCCESS, androidx.profileinstaller.ProfileInstaller.RESULT_SAVE_PROFILE_SIGNALLED, androidx.profileinstaller.ProfileInstaller.RESULT_SAVE_PROFILE_SKIPPED, androidx.profileinstaller.ProfileInstaller.RESULT_BENCHMARK_OPERATION_SUCCESS, androidx.profileinstaller.ProfileInstaller.RESULT_BENCHMARK_OPERATION_FAILURE, androidx.profileinstaller.ProfileInstaller.RESULT_BENCHMARK_OPERATION_UNKNOWN}" />
    </annotation>
  </item>
  <item name="androidx.profileinstaller.ProfileInstaller RESULT_META_FILE_REQUIRED_BUT_NOT_FOUND">
    <annotation name="androidx.annotation.IntDef">
      <val name="value" val="{androidx.profileinstaller.ProfileInstaller.RESULT_INSTALL_SUCCESS, androidx.profileinstaller.ProfileInstaller.RESULT_ALREADY_INSTALLED, androidx.profileinstaller.ProfileInstaller.RESULT_UNSUPPORTED_ART_VERSION, androidx.profileinstaller.ProfileInstaller.RESULT_NOT_WRITABLE, androidx.profileinstaller.ProfileInstaller.RESULT_DESIRED_FORMAT_UNSUPPORTED, androidx.profileinstaller.ProfileInstaller.RESULT_BASELINE_PROFILE_NOT_FOUND, androidx.profileinstaller.ProfileInstaller.RESULT_IO_EXCEPTION, androidx.profileinstaller.ProfileInstaller.RESULT_PARSE_EXCEPTION, androidx.profileinstaller.ProfileInstaller.RESULT_META_FILE_REQUIRED_BUT_NOT_FOUND, androidx.profileinstaller.ProfileInstaller.RESULT_INSTALL_SKIP_FILE_SUCCESS, androidx.profileinstaller.ProfileInstaller.RESULT_DELETE_SKIP_FILE_SUCCESS, androidx.profileinstaller.ProfileInstaller.RESULT_SAVE_PROFILE_SIGNALLED, androidx.profileinstaller.ProfileInstaller.RESULT_SAVE_PROFILE_SKIPPED, androidx.profileinstaller.ProfileInstaller.RESULT_BENCHMARK_OPERATION_SUCCESS, androidx.profileinstaller.ProfileInstaller.RESULT_BENCHMARK_OPERATION_FAILURE, androidx.profileinstaller.ProfileInstaller.RESULT_BENCHMARK_OPERATION_UNKNOWN}" />
    </annotation>
  </item>
  <item name="androidx.profileinstaller.ProfileInstaller RESULT_NOT_WRITABLE">
    <annotation name="androidx.annotation.IntDef">
      <val name="value" val="{androidx.profileinstaller.ProfileInstaller.RESULT_INSTALL_SUCCESS, androidx.profileinstaller.ProfileInstaller.RESULT_ALREADY_INSTALLED, androidx.profileinstaller.ProfileInstaller.RESULT_UNSUPPORTED_ART_VERSION, androidx.profileinstaller.ProfileInstaller.RESULT_NOT_WRITABLE, androidx.profileinstaller.ProfileInstaller.RESULT_DESIRED_FORMAT_UNSUPPORTED, androidx.profileinstaller.ProfileInstaller.RESULT_BASELINE_PROFILE_NOT_FOUND, androidx.profileinstaller.ProfileInstaller.RESULT_IO_EXCEPTION, androidx.profileinstaller.ProfileInstaller.RESULT_PARSE_EXCEPTION, androidx.profileinstaller.ProfileInstaller.RESULT_META_FILE_REQUIRED_BUT_NOT_FOUND, androidx.profileinstaller.ProfileInstaller.RESULT_INSTALL_SKIP_FILE_SUCCESS, androidx.profileinstaller.ProfileInstaller.RESULT_DELETE_SKIP_FILE_SUCCESS, androidx.profileinstaller.ProfileInstaller.RESULT_SAVE_PROFILE_SIGNALLED, androidx.profileinstaller.ProfileInstaller.RESULT_SAVE_PROFILE_SKIPPED, androidx.profileinstaller.ProfileInstaller.RESULT_BENCHMARK_OPERATION_SUCCESS, androidx.profileinstaller.ProfileInstaller.RESULT_BENCHMARK_OPERATION_FAILURE, androidx.profileinstaller.ProfileInstaller.RESULT_BENCHMARK_OPERATION_UNKNOWN}" />
    </annotation>
  </item>
  <item name="androidx.profileinstaller.ProfileInstaller RESULT_PARSE_EXCEPTION">
    <annotation name="androidx.annotation.IntDef">
      <val name="value" val="{androidx.profileinstaller.ProfileInstaller.RESULT_INSTALL_SUCCESS, androidx.profileinstaller.ProfileInstaller.RESULT_ALREADY_INSTALLED, androidx.profileinstaller.ProfileInstaller.RESULT_UNSUPPORTED_ART_VERSION, androidx.profileinstaller.ProfileInstaller.RESULT_NOT_WRITABLE, androidx.profileinstaller.ProfileInstaller.RESULT_DESIRED_FORMAT_UNSUPPORTED, androidx.profileinstaller.ProfileInstaller.RESULT_BASELINE_PROFILE_NOT_FOUND, androidx.profileinstaller.ProfileInstaller.RESULT_IO_EXCEPTION, androidx.profileinstaller.ProfileInstaller.RESULT_PARSE_EXCEPTION, androidx.profileinstaller.ProfileInstaller.RESULT_META_FILE_REQUIRED_BUT_NOT_FOUND, androidx.profileinstaller.ProfileInstaller.RESULT_INSTALL_SKIP_FILE_SUCCESS, androidx.profileinstaller.ProfileInstaller.RESULT_DELETE_SKIP_FILE_SUCCESS, androidx.profileinstaller.ProfileInstaller.RESULT_SAVE_PROFILE_SIGNALLED, androidx.profileinstaller.ProfileInstaller.RESULT_SAVE_PROFILE_SKIPPED, androidx.profileinstaller.ProfileInstaller.RESULT_BENCHMARK_OPERATION_SUCCESS, androidx.profileinstaller.ProfileInstaller.RESULT_BENCHMARK_OPERATION_FAILURE, androidx.profileinstaller.ProfileInstaller.RESULT_BENCHMARK_OPERATION_UNKNOWN}" />
    </annotation>
  </item>
  <item name="androidx.profileinstaller.ProfileInstaller RESULT_SAVE_PROFILE_SIGNALLED">
    <annotation name="androidx.annotation.IntDef">
      <val name="value" val="{androidx.profileinstaller.ProfileInstaller.RESULT_INSTALL_SUCCESS, androidx.profileinstaller.ProfileInstaller.RESULT_ALREADY_INSTALLED, androidx.profileinstaller.ProfileInstaller.RESULT_UNSUPPORTED_ART_VERSION, androidx.profileinstaller.ProfileInstaller.RESULT_NOT_WRITABLE, androidx.profileinstaller.ProfileInstaller.RESULT_DESIRED_FORMAT_UNSUPPORTED, androidx.profileinstaller.ProfileInstaller.RESULT_BASELINE_PROFILE_NOT_FOUND, androidx.profileinstaller.ProfileInstaller.RESULT_IO_EXCEPTION, androidx.profileinstaller.ProfileInstaller.RESULT_PARSE_EXCEPTION, androidx.profileinstaller.ProfileInstaller.RESULT_META_FILE_REQUIRED_BUT_NOT_FOUND, androidx.profileinstaller.ProfileInstaller.RESULT_INSTALL_SKIP_FILE_SUCCESS, androidx.profileinstaller.ProfileInstaller.RESULT_DELETE_SKIP_FILE_SUCCESS, androidx.profileinstaller.ProfileInstaller.RESULT_SAVE_PROFILE_SIGNALLED, androidx.profileinstaller.ProfileInstaller.RESULT_SAVE_PROFILE_SKIPPED, androidx.profileinstaller.ProfileInstaller.RESULT_BENCHMARK_OPERATION_SUCCESS, androidx.profileinstaller.ProfileInstaller.RESULT_BENCHMARK_OPERATION_FAILURE, androidx.profileinstaller.ProfileInstaller.RESULT_BENCHMARK_OPERATION_UNKNOWN}" />
    </annotation>
  </item>
  <item name="androidx.profileinstaller.ProfileInstaller RESULT_SAVE_PROFILE_SKIPPED">
    <annotation name="androidx.annotation.IntDef">
      <val name="value" val="{androidx.profileinstaller.ProfileInstaller.RESULT_INSTALL_SUCCESS, androidx.profileinstaller.ProfileInstaller.RESULT_ALREADY_INSTALLED, androidx.profileinstaller.ProfileInstaller.RESULT_UNSUPPORTED_ART_VERSION, androidx.profileinstaller.ProfileInstaller.RESULT_NOT_WRITABLE, androidx.profileinstaller.ProfileInstaller.RESULT_DESIRED_FORMAT_UNSUPPORTED, androidx.profileinstaller.ProfileInstaller.RESULT_BASELINE_PROFILE_NOT_FOUND, androidx.profileinstaller.ProfileInstaller.RESULT_IO_EXCEPTION, androidx.profileinstaller.ProfileInstaller.RESULT_PARSE_EXCEPTION, androidx.profileinstaller.ProfileInstaller.RESULT_META_FILE_REQUIRED_BUT_NOT_FOUND, androidx.profileinstaller.ProfileInstaller.RESULT_INSTALL_SKIP_FILE_SUCCESS, androidx.profileinstaller.ProfileInstaller.RESULT_DELETE_SKIP_FILE_SUCCESS, androidx.profileinstaller.ProfileInstaller.RESULT_SAVE_PROFILE_SIGNALLED, androidx.profileinstaller.ProfileInstaller.RESULT_SAVE_PROFILE_SKIPPED, androidx.profileinstaller.ProfileInstaller.RESULT_BENCHMARK_OPERATION_SUCCESS, androidx.profileinstaller.ProfileInstaller.RESULT_BENCHMARK_OPERATION_FAILURE, androidx.profileinstaller.ProfileInstaller.RESULT_BENCHMARK_OPERATION_UNKNOWN}" />
    </annotation>
  </item>
  <item name="androidx.profileinstaller.ProfileInstaller RESULT_UNSUPPORTED_ART_VERSION">
    <annotation name="androidx.annotation.IntDef">
      <val name="value" val="{androidx.profileinstaller.ProfileInstaller.RESULT_INSTALL_SUCCESS, androidx.profileinstaller.ProfileInstaller.RESULT_ALREADY_INSTALLED, androidx.profileinstaller.ProfileInstaller.RESULT_UNSUPPORTED_ART_VERSION, androidx.profileinstaller.ProfileInstaller.RESULT_NOT_WRITABLE, androidx.profileinstaller.ProfileInstaller.RESULT_DESIRED_FORMAT_UNSUPPORTED, androidx.profileinstaller.ProfileInstaller.RESULT_BASELINE_PROFILE_NOT_FOUND, androidx.profileinstaller.ProfileInstaller.RESULT_IO_EXCEPTION, androidx.profileinstaller.ProfileInstaller.RESULT_PARSE_EXCEPTION, androidx.profileinstaller.ProfileInstaller.RESULT_META_FILE_REQUIRED_BUT_NOT_FOUND, androidx.profileinstaller.ProfileInstaller.RESULT_INSTALL_SKIP_FILE_SUCCESS, androidx.profileinstaller.ProfileInstaller.RESULT_DELETE_SKIP_FILE_SUCCESS, androidx.profileinstaller.ProfileInstaller.RESULT_SAVE_PROFILE_SIGNALLED, androidx.profileinstaller.ProfileInstaller.RESULT_SAVE_PROFILE_SKIPPED, androidx.profileinstaller.ProfileInstaller.RESULT_BENCHMARK_OPERATION_SUCCESS, androidx.profileinstaller.ProfileInstaller.RESULT_BENCHMARK_OPERATION_FAILURE, androidx.profileinstaller.ProfileInstaller.RESULT_BENCHMARK_OPERATION_UNKNOWN}" />
    </annotation>
  </item>
  <item name="androidx.profileinstaller.ProfileInstaller void diagnostic(java.util.concurrent.Executor, androidx.profileinstaller.ProfileInstaller.DiagnosticsCallback, int, java.lang.Object) 2">
    <annotation name="androidx.annotation.IntDef">
      <val name="value" val="{androidx.profileinstaller.ProfileInstaller.DIAGNOSTIC_CURRENT_PROFILE_EXISTS, androidx.profileinstaller.ProfileInstaller.DIAGNOSTIC_CURRENT_PROFILE_DOES_NOT_EXIST, androidx.profileinstaller.ProfileInstaller.DIAGNOSTIC_REF_PROFILE_EXISTS, androidx.profileinstaller.ProfileInstaller.DIAGNOSTIC_REF_PROFILE_DOES_NOT_EXIST, androidx.profileinstaller.ProfileInstaller.DIAGNOSTIC_PROFILE_IS_COMPRESSED}" />
    </annotation>
  </item>
  <item name="androidx.profileinstaller.ProfileInstaller void result(java.util.concurrent.Executor, androidx.profileinstaller.ProfileInstaller.DiagnosticsCallback, int, java.lang.Object) 2">
    <annotation name="androidx.annotation.IntDef">
      <val name="value" val="{androidx.profileinstaller.ProfileInstaller.RESULT_INSTALL_SUCCESS, androidx.profileinstaller.ProfileInstaller.RESULT_ALREADY_INSTALLED, androidx.profileinstaller.ProfileInstaller.RESULT_UNSUPPORTED_ART_VERSION, androidx.profileinstaller.ProfileInstaller.RESULT_NOT_WRITABLE, androidx.profileinstaller.ProfileInstaller.RESULT_DESIRED_FORMAT_UNSUPPORTED, androidx.profileinstaller.ProfileInstaller.RESULT_BASELINE_PROFILE_NOT_FOUND, androidx.profileinstaller.ProfileInstaller.RESULT_IO_EXCEPTION, androidx.profileinstaller.ProfileInstaller.RESULT_PARSE_EXCEPTION, androidx.profileinstaller.ProfileInstaller.RESULT_META_FILE_REQUIRED_BUT_NOT_FOUND, androidx.profileinstaller.ProfileInstaller.RESULT_INSTALL_SKIP_FILE_SUCCESS, androidx.profileinstaller.ProfileInstaller.RESULT_DELETE_SKIP_FILE_SUCCESS, androidx.profileinstaller.ProfileInstaller.RESULT_SAVE_PROFILE_SIGNALLED, androidx.profileinstaller.ProfileInstaller.RESULT_SAVE_PROFILE_SKIPPED, androidx.profileinstaller.ProfileInstaller.RESULT_BENCHMARK_OPERATION_SUCCESS, androidx.profileinstaller.ProfileInstaller.RESULT_BENCHMARK_OPERATION_FAILURE, androidx.profileinstaller.ProfileInstaller.RESULT_BENCHMARK_OPERATION_UNKNOWN}" />
    </annotation>
  </item>
  <item name="androidx.profileinstaller.ProfileInstaller.DiagnosticCode">
    <annotation name="androidx.annotation.IntDef">
      <val name="value" val="{androidx.profileinstaller.ProfileInstaller.DIAGNOSTIC_CURRENT_PROFILE_EXISTS, androidx.profileinstaller.ProfileInstaller.DIAGNOSTIC_CURRENT_PROFILE_DOES_NOT_EXIST, androidx.profileinstaller.ProfileInstaller.DIAGNOSTIC_REF_PROFILE_EXISTS, androidx.profileinstaller.ProfileInstaller.DIAGNOSTIC_REF_PROFILE_DOES_NOT_EXIST, androidx.profileinstaller.ProfileInstaller.DIAGNOSTIC_PROFILE_IS_COMPRESSED}" />
    </annotation>
  </item>
  <item name="androidx.profileinstaller.ProfileInstaller.DiagnosticsCallback void onDiagnosticReceived(int, java.lang.Object) 0">
    <annotation name="androidx.annotation.IntDef">
      <val name="value" val="{androidx.profileinstaller.ProfileInstaller.DIAGNOSTIC_CURRENT_PROFILE_EXISTS, androidx.profileinstaller.ProfileInstaller.DIAGNOSTIC_CURRENT_PROFILE_DOES_NOT_EXIST, androidx.profileinstaller.ProfileInstaller.DIAGNOSTIC_REF_PROFILE_EXISTS, androidx.profileinstaller.ProfileInstaller.DIAGNOSTIC_REF_PROFILE_DOES_NOT_EXIST, androidx.profileinstaller.ProfileInstaller.DIAGNOSTIC_PROFILE_IS_COMPRESSED}" />
    </annotation>
  </item>
  <item name="androidx.profileinstaller.ProfileInstaller.DiagnosticsCallback void onResultReceived(int, java.lang.Object) 0">
    <annotation name="androidx.annotation.IntDef">
      <val name="value" val="{androidx.profileinstaller.ProfileInstaller.RESULT_INSTALL_SUCCESS, androidx.profileinstaller.ProfileInstaller.RESULT_ALREADY_INSTALLED, androidx.profileinstaller.ProfileInstaller.RESULT_UNSUPPORTED_ART_VERSION, androidx.profileinstaller.ProfileInstaller.RESULT_NOT_WRITABLE, androidx.profileinstaller.ProfileInstaller.RESULT_DESIRED_FORMAT_UNSUPPORTED, androidx.profileinstaller.ProfileInstaller.RESULT_BASELINE_PROFILE_NOT_FOUND, androidx.profileinstaller.ProfileInstaller.RESULT_IO_EXCEPTION, androidx.profileinstaller.ProfileInstaller.RESULT_PARSE_EXCEPTION, androidx.profileinstaller.ProfileInstaller.RESULT_META_FILE_REQUIRED_BUT_NOT_FOUND, androidx.profileinstaller.ProfileInstaller.RESULT_INSTALL_SKIP_FILE_SUCCESS, androidx.profileinstaller.ProfileInstaller.RESULT_DELETE_SKIP_FILE_SUCCESS, androidx.profileinstaller.ProfileInstaller.RESULT_SAVE_PROFILE_SIGNALLED, androidx.profileinstaller.ProfileInstaller.RESULT_SAVE_PROFILE_SKIPPED, androidx.profileinstaller.ProfileInstaller.RESULT_BENCHMARK_OPERATION_SUCCESS, androidx.profileinstaller.ProfileInstaller.RESULT_BENCHMARK_OPERATION_FAILURE, androidx.profileinstaller.ProfileInstaller.RESULT_BENCHMARK_OPERATION_UNKNOWN}" />
    </annotation>
  </item>
  <item name="androidx.profileinstaller.ProfileInstaller.ResultCode">
    <annotation name="androidx.annotation.IntDef">
      <val name="value" val="{androidx.profileinstaller.ProfileInstaller.RESULT_INSTALL_SUCCESS, androidx.profileinstaller.ProfileInstaller.RESULT_ALREADY_INSTALLED, androidx.profileinstaller.ProfileInstaller.RESULT_UNSUPPORTED_ART_VERSION, androidx.profileinstaller.ProfileInstaller.RESULT_NOT_WRITABLE, androidx.profileinstaller.ProfileInstaller.RESULT_DESIRED_FORMAT_UNSUPPORTED, androidx.profileinstaller.ProfileInstaller.RESULT_BASELINE_PROFILE_NOT_FOUND, androidx.profileinstaller.ProfileInstaller.RESULT_IO_EXCEPTION, androidx.profileinstaller.ProfileInstaller.RESULT_PARSE_EXCEPTION, androidx.profileinstaller.ProfileInstaller.RESULT_META_FILE_REQUIRED_BUT_NOT_FOUND, androidx.profileinstaller.ProfileInstaller.RESULT_INSTALL_SKIP_FILE_SUCCESS, androidx.profileinstaller.ProfileInstaller.RESULT_DELETE_SKIP_FILE_SUCCESS, androidx.profileinstaller.ProfileInstaller.RESULT_SAVE_PROFILE_SIGNALLED, androidx.profileinstaller.ProfileInstaller.RESULT_SAVE_PROFILE_SKIPPED, androidx.profileinstaller.ProfileInstaller.RESULT_BENCHMARK_OPERATION_SUCCESS, androidx.profileinstaller.ProfileInstaller.RESULT_BENCHMARK_OPERATION_FAILURE, androidx.profileinstaller.ProfileInstaller.RESULT_BENCHMARK_OPERATION_UNKNOWN}" />
    </annotation>
  </item>
  <item name="androidx.profileinstaller.ProfileVerifier.CompilationStatus int getProfileInstallResultCode()">
    <annotation name="androidx.annotation.IntDef">
      <val name="value" val="{androidx.profileinstaller.ProfileVerifier.CompilationStatus.RESULT_CODE_NO_PROFILE_INSTALLED, androidx.profileinstaller.ProfileVerifier.CompilationStatus.RESULT_CODE_COMPILED_WITH_PROFILE, androidx.profileinstaller.ProfileVerifier.CompilationStatus.RESULT_CODE_PROFILE_ENQUEUED_FOR_COMPILATION, androidx.profileinstaller.ProfileVerifier.CompilationStatus.RESULT_CODE_COMPILED_WITH_PROFILE_NON_MATCHING, androidx.profileinstaller.ProfileVerifier.CompilationStatus.RESULT_CODE_ERROR_PACKAGE_NAME_DOES_NOT_EXIST, androidx.profileinstaller.ProfileVerifier.CompilationStatus.RESULT_CODE_ERROR_CACHE_FILE_EXISTS_BUT_CANNOT_BE_READ, androidx.profileinstaller.ProfileVerifier.CompilationStatus.RESULT_CODE_ERROR_CANT_WRITE_PROFILE_VERIFICATION_RESULT_CACHE_FILE, androidx.profileinstaller.ProfileVerifier.CompilationStatus.RESULT_CODE_ERROR_UNSUPPORTED_API_VERSION, androidx.profileinstaller.ProfileVerifier.CompilationStatus.RESULT_CODE_ERROR_NO_PROFILE_EMBEDDED}" />
    </annotation>
  </item>
  <item name="androidx.profileinstaller.ProfileVerifier.CompilationStatus.ResultCode">
    <annotation name="androidx.annotation.IntDef">
      <val name="value" val="{androidx.profileinstaller.ProfileVerifier.CompilationStatus.RESULT_CODE_NO_PROFILE_INSTALLED, androidx.profileinstaller.ProfileVerifier.CompilationStatus.RESULT_CODE_COMPILED_WITH_PROFILE, androidx.profileinstaller.ProfileVerifier.CompilationStatus.RESULT_CODE_PROFILE_ENQUEUED_FOR_COMPILATION, androidx.profileinstaller.ProfileVerifier.CompilationStatus.RESULT_CODE_COMPILED_WITH_PROFILE_NON_MATCHING, androidx.profileinstaller.ProfileVerifier.CompilationStatus.RESULT_CODE_ERROR_PACKAGE_NAME_DOES_NOT_EXIST, androidx.profileinstaller.ProfileVerifier.CompilationStatus.RESULT_CODE_ERROR_CACHE_FILE_EXISTS_BUT_CANNOT_BE_READ, androidx.profileinstaller.ProfileVerifier.CompilationStatus.RESULT_CODE_ERROR_CANT_WRITE_PROFILE_VERIFICATION_RESULT_CACHE_FILE, androidx.profileinstaller.ProfileVerifier.CompilationStatus.RESULT_CODE_ERROR_UNSUPPORTED_API_VERSION, androidx.profileinstaller.ProfileVerifier.CompilationStatus.RESULT_CODE_ERROR_NO_PROFILE_EMBEDDED}" />
    </annotation>
  </item>
</root>

